Month,FII_Net_Buy_Sell_RsCr,DII_Net_Buy_Sell_RsCr,Nifty_Closing,SIP_Contribution_RsCr
Jan-08,-29447.51,16414.69,5137.45,
Feb-08,-4051.12,4008.34,5223.5,
Mar-08,-3763.8,2947.51,4734.5,
Apr-08,-2536.88,3400.98,5165.9,
May-08,-6695.59,8278.03,4870.1,
Jun-08,-12667.16,8627.97,4040.55,
Jul-08,-4604,1527.19,4332.95,
Aug-08,-5456.12,2972.38,4360,
Sep-08,-12502.74,9212.96,3921.2,
Oct-08,-15653.5,10796.3,2885.6,
Nov-08,-5458.96,2874.15,2755.1,
Dec-08,1034.81,1906.28,2959.15,
Jan-09,-5172.82,3718.14,2874.8,
Feb-09,-2833.43,2774.56,2763.65,
Mar-09,-683.57,3951.53,3020.95,
Apr-09,5560.1,-782.33,3473.95,
May-09,13886.09,-82.45,4448.95,
Jun-09,-85.14,2633.78,4291.1,
Jul-09,-1364.6,5818.98,4636.45,
Aug-09,-3767.03,4984.71,4662.1,
Sep-09,12643.12,769.83,5083.95,
Oct-09,0.42,-3.18,4711.7,
Nov-09,1708.07,2391.04,5032.7,
Dec-09,4240.86,49.67,5201.05,
Jan-10,-7216.67,12222.03,4882.05,
Feb-10,-1971.92,1344.43,4922.3,
Mar-10,14792.33,-5135.85,5249.1,
Apr-10,2667.37,2190.66,5278,
May-10,-12071.12,6361.19,5086.3,
Jun-10,7713.95,-4777.05,5312.5,
Jul-10,8320.51,-6323.15,5367.6,
Aug-10,7260.68,-4513.75,5402.4,
Sep-10,23612.45,-12920.69,6029.95,
Oct-10,14388.06,-11812.9,6017.7,
Nov-10,5518.34,2492.72,5862.7,
Dec-10,-641.55,-481.89,6134.5,
Jan-11,-8903.6,5237.14,5505.9,
Feb-11,-7422.9,5781.05,5333.25,
Mar-11,8395.4,57.71,5833.75,
Apr-11,4.4,-558.27,5749.5,
May-11,-3705.37,4093.21,5560.15,
Jun-11,2662.76,-99.66,5647.4,
Jul-11,3930.12,-198.61,5482,
Aug-11,-11406.33,8281.06,5001,
Sep-11,-3088.87,1747.09,4943.25,
Oct-11,1557.22,-2295.25,5326.6,
Nov-11,-6508.71,4841.35,4832.05,
Dec-11,-2387.14,928.01,4624.3,
Jan-12,9440.51,-6735.91,5199.25,
Feb-12,24369.08,-11433.75,5385.2,
Mar-12,6517.23,-3495.6,5295.55,
Apr-12,-1657.19,772.33,5248.15,
May-12,-2756.26,707.22,4924.25,
Jun-12,2537.39,1171.42,5278.9,
Jul-12,5902.95,-5270.67,5229,
Aug-12,7704,-4226.42,5258.5,
Sep-12,21182.44,-9027.22,5703.3,
Oct-12,8523.04,-4583.05,5619.7,
Nov-12,8061.43,-5238.24,5879.85,
Dec-12,14365.82,-8903.1,5905.1,
Jan-13,20410.43,-17541.62,6034.75,
Feb-13,9533.03,-8818.5,5693.05,
Mar-13,9423.07,-7872.45,5682.55,
Apr-13,4223.2,-2701.09,5930.2,
May-13,14464.13,-12048.33,5985.95,
Jun-13,-11425.41,8427.42,5842.2,
Jul-13,-414.48,-1540.85,5742,
Aug-13,-7470.47,6284.72,5471.8,
Sep-13,11235.53,-8877.93,5735.3,
Oct-13,17555.56,-12410.71,6299.15,
Nov-13,6956.37,-9147.17,6176.1,
Dec-13,13465.99,-7586.06,6304,
Jan-14,-1265.88,-1455.47,6089.5,
Feb-14,1059.13,286.95,6276.95,
Mar-14,25391.52,-13139.59,6704.2,
Apr-14,6283.17,-6859.04,6696.4,
May-14,14780.43,-4818.71,7229.95,
Jun-14,7524.47,-4604.35,7611.35,
Jul-14,6964.58,-3216.53,7721.3,
Aug-14,2681.47,2335.48,7954.35,
Sep-14,1503.09,-1136.99,7964.8,
Oct-14,-1695.25,4113.75,8322.2,
Nov-14,10945.59,-7271.34,8588.25,
Dec-14,-3931.43,5436.74,8282.7,
Jan-15,10606.25,-7881.77,8808.9,
Feb-15,6746.2,1711.88,8901.85,
Mar-15,6580.67,194.76,8491,
Apr-15,7864.4,11511.46,8181.5,
May-15,-4796.25,8582.26,8433.65,
Jun-15,-8192.92,12026.55,8368.5,
Jul-15,922.39,737.36,8532.85,
Aug-15,-19324.17,16248.42,7971.3,
Sep-15,-11279.32,10273.06,7948.9,
Oct-15,3318.39,-2359.75,8065.8,
Nov-15,-9029.81,8499.98,7935.25,
Dec-15,-2360.02,6327.64,7946.35,
Jan-16,-14356.01,12874.9,7563.55,
Feb-16,-12513.12,10491.61,6987.05,
Mar-16,23049.9,-15740.29,7738.4,
Apr-16,3056.51,-2328.28,7849.8,3122
May-16,-186.58,7142.75,8160.1,3189
Jun-16,3957.95,-2173.55,8287.75,3310
Jul-16,10122.69,-6054.6,8638.5,3334
Aug-16,8778.27,-4406.31,8786.2,3497
Sep-16,3329.62,1999.22,8611.15,3698
Oct-16,-5770.19,7906.35,8625.7,3434
Nov-16,-19982.37,18277.03,8224.5,3884
Dec-16,-11325.28,9136.09,8185.8,3973
Jan-17,-1582.18,4748.97,8561.3,4095
Feb-17,8704.46,935.26,8879.6,4050
Mar-17,26473.17,-4395.61,9173.75,4335
Apr-17,-6627.56,9247.43,9304.05,4269
May-17,-452.54,4277.06,9621.25,4584
Jun-17,-3759.32,6527.57,9520.9,4744
Jul-17,1464.85,4786.37,10077.1,4947
Aug-17,-15995.63,16205.22,9917.9,5206
Sep-17,-23969.97,21025.53,9788.6,5516
Oct-17,-7826.53,10090.91,10335.3,5621
Nov-17,-13514.78,9243.21,10226.55,5893
Dec-17,-6411.57,8142.88,10530.7,6222
Jan-18,9568,398.73,11027.7,6644
Feb-18,-18619.15,17813.01,10492.85,6425
Mar-18,7904.85,6693.91,10113.7,7119
Apr-18,-9285.38,8511.33,10739.35,6690
May-18,-12359.71,15054.48,10736.15,7304
Jun-18,-10249.17,14146.15,10714.3,7554
Jul-18,-3973.87,4491.44,11356.5,7554
Aug-18,-2228.53,2822.72,11680.5,7658
Sep-18,-9468.68,12504.04,10930.45,7727
Oct-18,-29201.2,26033.9,10386.6,7985
Nov-18,5282.86,800.3,10876.75,7985
Dec-18,-1103.37,375.55,10862.55,8022
Jan-19,127.67,2146.87,10830.95,8064
Feb-19,13564.57,-565.89,10792.5,8095
Mar-19,32371.43,-13930.25,11623.9,8055
Apr-19,12749.55,-4219.46,11748.15,8238
May-19,-2136.28,5316.34,11922.8,8183
Jun-19,-688.5,3643.31,11788.85,8122
Jul-19,-16870.13,20394.52,11118,8324
Aug-19,-14828.76,20933.59,11023.25,8231
Sep-19,-6624.05,12490.81,11474.45,8263
Oct-19,8595.66,4729.76,11877.45,8246
Nov-19,12924.93,-7970.29,12056.05,8273
Dec-19,694.12,-740.76,12168.45,8518
Jan-20,-5412.06,2249.55,11962.1,8532
Feb-20,-12684.3,16933.03,11201.75,8513
Mar-20,-65816.7,55595.18,8597.75,8641
Apr-20,-5209.15,-824.73,9859.9,8376
May-20,13178.96,11356.1,9580.3,8123
Jun-20,5492.95,2434.4,10302.1,7917
Jul-20,2490.19,-10007.88,11073.45,7831
Aug-20,15749.86,-11046.78,11387.5,7792
Sep-20,-11410.69,110.3,11247.55,7788
Oct-20,14537.4,-17318.44,11642.4,7800
Nov-20,65238.6,-48339.44,12968.95,7302
Dec-20,48223.94,-37293.53,13981.75,8418
Jan-21,8980.81,-11970.54,13634.6,8023
Feb-21,42044.46,-16358.1,14529.15,7528
Mar-21,1245.22,5204.42,14690.7,9182
Apr-21,-12692.94,11088.62,14631.1,8596
May-21,-6015.34,2067.23,15582.8,8819
Jun-21,-25.89,7043.51,15721.5,9156
Jul-21,-23193.39,18393.92,15763.05,9609
Aug-21,-2568.52,6894.69,17132.2,9923
Sep-21,463.77,5948.85,17618.15,10351
Oct-21,-25572.19,4470.99,17671.65,10519
Nov-21,-39901.92,30560.27,16983.2,11005
Dec-21,-35493.59,31231.05,17354.05,11305
Jan-22,-41346.35,21928.4,17339.85,11517
Feb-22,-45720.07,42084.07,16793.9,11438
Mar-22,-43281.31,39677.03,17464.75,12328
Apr-22,-40652.75,30842.53,17102.55,11863
May-22,-54292.47,50835.54,16584.55,12286
Jun-22,-58112.37,46599.23,15780.25,12276
Jul-22,-6567.71,10546.02,17158.25,12140
Aug-22,22025.62,-7068.63,17759.3,12693
Sep-22,-18308.3,14119.75,17094.35,12976
Oct-22,-489.06,9276.97,18012.2,13041
Nov-22,22546.34,-6301.32,18758.35,13306
Dec-22,-14231.09,24159.13,18105.3,13573
Jan-23,-41464.73,33411.85,17662.15,13856
Feb-23,-11090.64,19239.28,17303.95,13686
Mar-23,1997.7,30548.77,17359.75,14276
Apr-23,5711.8,2216.57,18065,13728
May-23,27856.48,-3306.35,18534.4,14749
Jun-23,27250.01,4458.23,19189.05,14734
Jul-23,15533.19,-2697.66,19753.8,15245
Aug-23,-20620.65,25016.95,19253.8,15814
Sep-23,-26692.16,20312.65,19638.3,16042
Oct-23,-30827.2,28254.03,19079.6,16928
Nov-23,3875.83,14253.67,20133.15,17073
Dec-23,31959.78,12942.25,21731.4,17610
Jan-24,-35977.81,26743.59,21725.7,18838
Feb-24,-15962.72,25379.3,21982.8,19187
Mar-24,3314.47,56311.6,22326.9,19271
Apr-24,-35692.19,44186.28,22604.85,20371
May-24,-42214.28,55733.04,22530.7,20904
Jun-24,2037.47,28633.15,24010.6,21262
Jul-24,5407.83,23486.02,24951.15,23332
Aug-24,-21368.51,48278.65,25235.9,23547
Sep-24,15423.32,31860.23,25810.85,24509
Oct-24,-114445.89,107254.68,24205.35,25323
Nov-24,-45974.12,44483.86,24131.1,25320
Dec-24,-16982.48,34194.73,23644.8,26459
Jan-25,-87374.66,86591.8,23508.4,26400
Feb-25,-58988.08,64853.19,22124.7,25999
Mar-25,2014.18,37585.68,23519.35,25926
Apr-25,2735.02,28228.45,24334.2,26632
May-25,11773.25,67642.34,24750.7,26688
Jun-25,7488.98,72673.91,25517.05,27269
Jul-25,-47666.68,60939.16,24768.35,28464
Aug-25,-46902.92,94828.55,24426.85,28265
Sep-25,-35301.36,65343.59,24611.1,29361
Oct-25,-2346.89,52794.02,25722.1,29529
Nov-25,-17500.31,77083.78,26202.95,29445
Dec-25,-34349.62,79619.91,26129.6,31002
Jan-26,-41435.22,69220.74,25320.65,31002
Feb-26,-6640.78,38423.11,25178.65,29845
Mar-26,-122540.41,142960.37,22331.4,32087
Apr-26,-70135.46,51063.87,23997.55,31115
May-26,-21842.13,42599.5,23649.95,
